Fund Name,P1,P2,P3,P4,P5,Score,Rank
M1,0.91,0.83,5.7,47.4,13.71,0.682898,5
M2,0.74,0.55,6.9,32.2,10.1,0.394436,1
M3,0.62,0.38,5.8,47.1,13.48,0.453781,8
M4,0.92,0.85,4.1,52.5,14.59,0.610957,4
M5,0.8,0.64,6.9,49.7,14.51,0.725522,7
M6,0.66,0.44,4.6,49.1,13.7,0.42804,3
M7,0.74,0.55,5.9,47.1,13.57,0.549601,6
M8,0.88,0.77,4.3,57,15.74,0.651163,2
